﻿[
  {
    "Name": "Tiger",
    "Grid": [
      "00100",
      "00000",
      "00200",
      "00100",
      "00000"
    ]
  },
  {
    "Name": "Dragon",
    "Grid": [
      "00000",
      "10001",
      "00200",
      "01010",
      "00000"
    ]
  },
  {
    "Name": "Frog",
    "Grid": [
      "00000",
      "01000",
      "10200",
      "00010",
      "00000"
    ]
  },
  {
    "Name": "Rabbit",
    "Grid": [
      "00000",
      "00010",
      "00201",
      "01000",
      "00000"
    ]
  },
  {
    "Name": "Crab",
    "Grid": [
      "00000",
      "00100",
      "10201",
      "00000",
      "00000"
    ]
  },
  {
    "Name": "Elephant",
    "Grid": [
      "00000",
      "01010",
      "01210",
      "00000",
      "00000"
    ]
  },
  {
    "Name": "Goose",
    "Grid": [
      "00000",
      "01000",
      "01210",
      "00010",
      "00000"
    ]
  },
  {
    "Name": "Rooster",
    "Grid": [
      "00000",
      "00010",
      "01210",
      "01000",
      "00000"
    ]
  },
  {
    "Name": "Monkey",
    "Grid": [
      "00000",
      "01010",
      "00200",
      "01010",
      "00000"
    ]
  },
  {
    "Name": "Mantis",
    "Grid": [
      "00000",
      "01010",
      "00200",
      "00100",
      "00000"
    ]
  },
  {
    "Name": "Horse",
    "Grid": [
      "00000",
      "00100",
      "01200",
      "00100",
      "00000"
    ]
  },
  {
    "Name": "Ox",
    "Grid": [
      "00000",
      "00100",
      "00210",
      "00100",
      "00000"
    ]
  },
  {
    "Name": "Crane",
    "Grid": [
      "00000",
      "00100",
      "00200",
      "01010",
      "00000"
    ]
  },
  {
    "Name": "Boar",
    "Grid": [
      "00000",
      "00100",
      "01210",
      "00000",
      "00000"
    ]
  },
  {
    "Name": "Eel",
    "Grid": [
      "00000",
      "01000",
      "00210",
      "01000",
      "00000"
    ]
  },
  {
    "Name": "Cobra",
    "Grid": [
      "00000",
      "00010",
      "01200",
      "00010",
      "00000"
    ]
  }
]
