﻿[
  {
    "Name": "Fox",
    "Grid": [
      "00000",
      "00010",
      "00210",
      "00010",
      "00000"
    ]
  },
  {
    "Name": "Dog",
    "Grid": [
      "00000",
      "01000",
      "01200",
      "01000",
      "00000"
    ]
  },
  {
    "Name": "Giraffe",
    "Grid": [
      "01010",
      "00000",
      "00200",
      "00100",
      "00000"
    ]
  },
  {
    "Name": "Panda",
    "Grid": [
      "00000",
      "00110",
      "00200",
      "01000",
      "00000"
    ]
  },
  {
    "Name": "Bear",
    "Grid": [
      "00000",
      "01100",
      "00200",
      "00010",
      "00000"
    ]
  },
  {
    "Name": "Kirin",
    "Grid": [
      "01010",
      "00000",
      "00200",
      "00000",
      "00100"
    ]
  },
  {
    "Name": "Sea snake",
    "Grid": [
      "00000",
      "00100",
      "00201",
      "01000",
      "00000"
    ]
  },
  {
    "Name": "Viper",
    "Grid": [
      "00000",
      "00100",
      "10200",
      "00010",
      "00000"
    ]
  },
  {
    "Name": "Phoenix",
    "Grid": [
      "00000",
      "01010",
      "10201",
      "00000",
      "00000"
    ]
  },
  {
    "Name": "Mouse",
    "Grid": [
      "00000",
      "00100",
      "00210",
      "01000",
      "00000"
    ]
  },
  {
    "Name": "Rat",
    "Grid": [
      "00000",
      "00100",
      "01200",
      "00010",
      "00000"
    ]
  },
  {
    "Name": "Turtle",
    "Grid": [
      "00000",
      "00000",
      "10201",
      "01010",
      "00000"
    ]
  },
  {
    "Name": "Tanuki",
    "Grid": [
      "00000",
      "00101",
      "00200",
      "01000",
      "00000"
    ]
  },
  {
    "Name": "Iguana",
    "Grid": [
      "00000",
      "10100",
      "00200",
      "00010",
      "00000"
    ]
  },
  {
    "Name": "Sable",
    "Grid": [
      "00000",
      "00010",
      "10200",
      "01000",
      "00000"
    ]
  },
  {
    "Name": "Otter",
    "Grid": [
      "00000",
      "01000",
      "00201",
      "00010",
      "00000"
    ]
  }
]
